id,filename,artist,title,year
1,00001.jpeg,Paula Scher,Jazz At Lincoln Center - Entry Hallway,2004
2,00002.jpeg,Paula Scher,Quad Cinema - Ticket Desk,2017
3,00003.jpeg,Paula Scher,Installation At The Tyler School Of Art,2015
4,00004.jpeg,Paula Scher,India,2007
5,00005.jpeg,Ellsworth Kelly,Dartmouth Panels,2011
6,00006.jpeg,Dan Ruest Studio,Wayne Cochran And His C.C. Riders - High And Ridin',1970
7,00007.jpeg,"David Byrne, Jimmy Desana",Talking Heads - More Songs About Buildings And Food,1978
8,00008.jpeg,Kelley/Mouse Studios,Grateful Dead - Europe 72,1972
9,00009.jpeg,Unknown,The Tornadoes - Bustin' Surfboards,1963
10,00010.jpeg,John Baldessari,The Pencil Story,1973
11,00011.jpeg,John Baldessari,Embracing Figures (Partial): Skaters/Cyclist,1992
12,00012.jpeg,John Baldessari,Tetrad Series: What Was Seen,1999
13,00013.jpeg,John Baldessari,"Noses & Ears, Etc.; Head (With Nose)",2006
14,00014.jpeg,Georges Méliès,Le Voyage Dans La Lune,1902
15,00015.jpeg,John Baldessari,Everything Is Purged...,1968
16,00016.jpeg,John Baldessari,Exhibiting Paintings,1968
17,00017.jpeg,Hiroshi Sugimoto,012 Surface Of Revolution With Constant Negative Curvature,2008
18,00018.jpeg,Hiroshi Sugimoto,003 Onduloid: A Surface Of Revolution With Constant Non-Zero Mean Curvature,2005
19,00019.jpeg,Anish Kapoor,Hexagon Mirror,2007
20,00020.jpeg,Anish Kapoor,Adam,1989
21,00021.jpeg,Anish Kapoor,Marsupial,2006
22,00022.jpeg,Bráulio Amado,"The Growlers, March 10, Metro Chicago",2017
23,00023.jpeg,Bráulio Amado,!!!,2017
24,00024.jpeg,Bráulio Amado,Papaya - Quatro/IV,2017
25,00025.jpeg,N. Paksanavin,Burmese Man Dancing,2008
26,00026.jpeg,Chang Sae-Tang,Untitled No. 3,1960
27,00027.jpeg,Manit Sriwanichpoom,"Pink, White And Blue #5",2005
28,00028.jpeg,Tei Kobayashi,Performance At Wat U-Mong,1992
29,00029.jpeg,Bridget Riley,Revision Of December 31,2000
30,00030.jpeg,Bridget Riley,Rustle 2,2015
31,00031.jpeg,Bridget Riley,"Life Drawing (Lying Figure, Back View)",1949
32,00032.jpeg,Bridget Riley,Untitled (Towards 'Fleeting Moment'),1986
33,00033.jpeg,Bridget Riley,Study For 'Rêve',1999
34,00034.jpeg,Jeff Koons,New Excellence Refrigerator,1979
35,00035.jpeg,Jeff Koons,Wild Boy And Puppy,1988
36,00036.jpeg,Jeff Koons,Tulips,1995
37,00037.jpeg,Jeff Koons,Split-Rocker (Pink/Blue),1999
38,00038.jpeg,Jeff Koons,Split-Rocker (Orange/Red),1999
39,00039.jpeg,Jeff Koons,Elvis,2003
40,00040.jpeg,Jeff Koons,Gazing Ball Lawn Ornament,2013
41,00041.jpeg,Jeff Koons,Rendering Of Pluto And Prosperina,2013
42,00042.jpeg,Yuko Shimizu,The Robbers,2010
43,00043.jpeg,Yuko Shimizu,Moribito: Guardian Of The Spirit,2008
44,00044.jpeg,Yuko Shimizu,Dj Slip Mat (A Nice Set),2006
45,00045.jpeg,Yuko Shimizu,Bells And Whistles,2004
46,00046.jpeg,Yuko Shimizu,Space Pasttime,2007
47,00047.jpeg,Leonardo Davinci,The Vessels Of The Liver,1508
48,00048.jpeg,Dr. Seuss,"Oh The Places You'Ll Go, P. 3",1990
49,00049.jpeg,Leonardo Davinci,The Drapery Of St. Anne'S Legs,1518
50,00050.jpeg,Leonardo Davinci,Studies Of A Horse,1518
51,00051.jpeg,Jean-Michel Basquiat,Untitled,1982
52,00052.jpeg,Jean-Michel Basquiat,Untitled (Black Tar And Feathers),1982
53,00053.jpeg,Jeff Koons,One Ball Total Equilibrium Tank,1985
54,00054.jpeg,Jean-Michel Basquiat,Trumpet,1984
55,00055.jpeg,Jeff Koons,Pail,1986
56,00056.jpeg,Jean-Michel Basquiat,Untitled,1984
57,00057.jpeg,Jeff Koons,Kiepenkerl,1987
58,00058.jpeg,Jeff Koons,Can On A Clothesline (Aqua),2001
59,00059.jpeg,Ed Ruscha,Actual Size,1962
60,00060.jpeg,Ed Ruscha,Lisp,1968
61,00061.jpeg,Ed Ruscha,Screaming In Spanish,1974
62,00062.jpeg,Ed Ruscha,Royal Road Test,1967
63,00063.jpeg,Henri Cartier-Bresson,"Gallup, New Mexico",1971
64,00064.jpeg,Kenny Scharf,Machine Customized By Kenny Scharf,1980
65,00065.jpeg,Henri Cartier-Bresson,"Galeries Lafayette, Paris",1968
66,00066.jpeg,Keith Haring,Untitled,1981
67,00067.jpeg,Henri Cartier-Bresson,Communism And Capitalism At Work,1968
68,00068.jpeg,Keith Haring,Andy Mouse,1985
69,00069.jpeg,Ed Ruscha,Friction And Wear,1983
70,00070.jpeg,Ed Ruscha,Jar Of Olives Falling,1969
71,00071.jpeg,Ed Ruscha,Ball Bearing Breaking A Glass Of Milk,1967
72,00072.jpeg,Peter Doig,Buffalo Station 1,1997
73,00073.jpeg,Peter Doig,Charlie'S Space,1991
74,00074.jpeg,Super Quiet,Shadow Mask,2016
75,00075.jpeg,Design Displacement Group,Contrack 2015-2035,2015
76,00076.jpeg,Hato Press,Recycled Pencils,2015
77,00077.jpeg,Jimmy Limit,Untitled,2016
78,00078.jpeg,O. W. Hadink,Rarität Poster,1920
79,00079.jpeg,Sandor Bortnyck,U J Fold,1927
80,00080.jpeg,Thomas Hedger,Red Dusk,2015
81,00081.jpeg,Victor Moscoso,Big Brother,1967
82,00082.jpeg,David Hockney,"Billy & Audrey Wilder, Los Angeles, April 1982",1982
83,00083.jpeg,Barbera Kruger,Untitled (Don'T Be A Jerk) ,1996
84,00084.jpeg,David Hockney,Savings And Loan Building,1967
85,00085.jpeg,Floria Schoonderbeek,Dutchtub,2002
86,00086.jpeg,Barbera Kruger,Video Installation,2005
87,00087.jpeg,Martijn Engelbregt,Neit Storen,2001
88,00088.jpeg,Keith Rankin,Guerilla Toss - Eraser Stargazer,2016
89,00089.jpeg,Richard Serra,Black Tracks,2002
90,00090.jpeg,Richard Serra,Solid #13,2008
91,00091.jpeg,Katsu,Sticker,2008
92,00092.jpeg,Yayoi Kusama,Airmail Stickers,1962
93,00093.jpeg,John125,Sticker,2019
94,00094.jpeg,Yayoi Kusama,Stardust Of One Hundred Million Lightyears,1989
95,00095.jpeg,Yayoi Kusama,Gentle Are The Stars To Heaven,1990
96,00096.jpeg,Kenny Scharf,Beekman Tower,2007
97,00097.jpeg,Kenny Scharf,Face,1982
98,00098.jpeg,Stuart Davis,Premiere,1957
99,00099.jpeg,Kenny Scharf,Felix On A Pedestal,1998
100,00100.jpeg,Kenny Scharf,Hot Dog In The Sky,2008
101,00101.jpeg,Kenny Scharf,Chocolate Donut In Space,2007
102,00102.jpeg,Sol Lewitt,Ficciones,1984
103,00103.jpeg,Sol Lewitt,Wall Drawing 38,1970
104,00104.jpeg,Sol Lewitt,Wall Drawing 880: Loopy Doopy (Orange And Green),1998
105,00105.jpeg,Sol Lewitt,Wall Drawing 999: Parallel Curves,2001
106,00106.jpeg,Sol Lewitt,Wall Drawing 1247: Scribbles 7 (Pw),2007
107,00107.jpeg,Sol Lewitt,Wall Drawing 51: All Archictectual Points Connected By Straight Lines,1970
108,00108.jpeg,Sol Lewitt,Wall Drawing 1185: Scribbles: Inverted Curve (Horizontal),2005
109,00109.jpeg,Werner Jeker,David Hockney Exhibition Poster,1999
110,00110.jpeg,Werner Jeker,Pudeurs/Jean Otth Exhibition Poster,2000
111,00111.jpeg,Werner Jeker,Video Fest 1993 Exhibition Poster,1993
112,00112.jpeg,Werner Jeker ,Postage Stamps For The Swiss Post Office,1995
113,00113.jpeg,Werner Jeker,"Pavilion Signalpain, Interior",2006
114,00114.jpeg,Werner Jeker,Vision / Illusion / Fiction Poster,2003
115,00115.jpeg,Johannes Itten,50. View Of Surface Of Sphere,1961
116,00116.jpeg,Johannes Itten,38-41. Contrast Of Saturation,1961
117,00117.jpeg,Johannes Itten,22. Cold-Warm Modulation In Green,1961
118,00118.jpeg,Johannes Itten,21. Cold-Warm Modulation In Red,1961
119,00119.jpeg,Johannes Itten,20. Checkered Composition Contrasting Cold And Warm Colors,1961
120,00120.jpeg,Johannes Itten,3. 12 Point Color Star,1961
121,00121.jpeg,Johannes Itten,Association Of Colors With Corresponding Shapes,1961
122,00122.jpeg,Jeff Koons,Inflatable Flower And Bunny,1979
123,00123.jpeg,Jeff Koons,Donkey (Orange),1999
124,00124.jpeg,Jeff Koons,Stream,2001
125,00125.jpeg,Jeff Koons,Play-Doh,2000
126,00126.jpeg,Jeff Koons,Sheep (Yellow),1999
127,00127.jpeg,Sheila Hicks,Vanishing Yellow,2004
128,00128.jpeg,Sheila Hicks,Slow Scribble,1956
129,00129.jpeg,Sheila Hicks,"Corrugated Metal Security Door In Santiago, Chile",1960
130,00130.jpeg,Sheila Hicks,Lino Diagonal,2005
131,00131.jpeg,Sheila Hicks,Cluster Of Sounds,2005
132,00132.jpeg,Sheila Hicks,Solferino Tacubaya,1960
133,00133.jpeg,Sheila Hicks,Coverture De Lingam,1967
134,00134.jpeg,Dan Flavin,Monument 4 Those Who Have Been Killed In Ambush (To P.K. Who Reminded Me About Death),1966
135,00135.jpeg,Kaws,Untitled (Camel),1997
136,00136.jpeg,Damien Hirst,Mother And Child (Divided),1993
137,00137.jpeg,Kaws,Permanent Thirty-Three,2008
138,00138.jpeg,Kaws,Untitled (Chum Lines),2008
139,00139.jpeg,Al Held,B/W Vi,1968
140,00140.jpeg,Kaws,"Untitled (Chum, Times Square)",2002
141,00141.jpeg,Gerhard Richter,Sternbild,1969
142,00142.jpeg,Gerhard Richter,Ausschnitt (Rot-Blau),1970
143,00143.jpeg,Gerhard Richter,Jugendbildnis,1988
144,00144.jpeg,Gerhard Richter,Strip,2011
145,00145.jpeg,Gerhard Richter,Flow,2013
146,00146.jpeg,Gerhard Richter,11 Scheiben,2003
147,00147.jpeg,Gerhard Richter,128 Fotos Von Einem Bild (Halifax 1978),1998
148,00148.jpeg,Andy Warhol,Nine Ads,1960
149,00149.jpeg,Andy Warhol,Female With Animal At Breast,1949
150,00150.jpeg,Andy Warhol,Feet With Campbell'S Soup Can,1960
151,00151.jpeg,Andy Warhol,Where Is Your Rupture?,1961
152,00152.jpeg,Andy Warhol,Del Monte Peach Halves Box,1964
153,00153.jpeg,Andy Warhol,Heinz Tomato Ketchup Box,1964
154,00154.jpeg,Andy Warhol,Self-Portrait In Drag,1981
155,00155.jpeg,Andy Warhol,Self-Portrait In Drag,1981
156,00156.jpeg,Andy Warhol,Camoflague,1986
157,00157.jpeg,Andy Warhol,Camoflague,1987
158,00158.jpeg,Andy Warhol,Axidation Painting (Diptych),1978
159,00159.jpeg,Andy Warhol,Rain Machine (Osaka),1970
160,00160.jpeg,Paul Rand,"Book Illustration, Listen! Listen!",1970
161,00161.jpeg,Paul Rand,Ups Trademark,1961
162,00162.jpeg,Paul Rand,Us Navy Brochure Cover,1959
163,00163.jpeg,Paul Rand,"Bulb Packaging, Westinghouse Electric",1968
164,00164.jpeg,Paul Rand,"Packaging Design, Ibm Corporation",1981
165,00165.jpeg,Lawrence Weiner,Still Life & Kicking,2007
166,00166.jpeg,Lawrence Weiner,Cover Of With A Probability Of Being Seen,1979
167,00167.jpeg,Lawrence Weiner,Air De Paris,1990
168,00168.jpeg,Lawrence Weiner,Mark Von Schlegell'S Car With Bumper Sticker Edition,2001
169,00169.jpeg,Pablo Picasso,Apple,1909
170,00170.jpeg,Pablo Picasso,Vase: Woman,1948
171,00171.jpeg,Pablo Picasso,Woman Carrying A Vessel,1935
172,00172.jpeg,Pablo Picasso,Figure,1928
173,00173.jpeg,Pablo Picasso,Bull,1958
174,00174.jpeg,Pablo Picasso,Head Of A Woman,1957
175,00175.jpeg,Andy Goldsworthy,Breath Of Earth,1994
176,00176.jpeg,Andy Goldsworthy,Stone House,1995
177,00177.jpeg,Andy Goldsworthy,Balanced Stones / Olive Trees,1994
178,00178.jpeg,Andy Goldsworthy,Wood Through Wall Field Gate Reworked,1993
179,00179.jpeg,Andy Goldsworthy,Line To Follow Color In Maple Leaves / Pinned To Tree With Thorns / First Snow / Fall Meeting Winter,1992
180,00180.jpeg,Andy Goldsworthy,Maple Leaves / Pinned With Thorns / Between Two Trunks Of A Tree,1992
181,00181.jpeg,Pierre Bernard,The Autumn Festival ,1981
182,00182.jpeg,Pierre Bernard,Long Live The Cultural Centre,1983
183,00183.jpeg,Pierre Bernard,New Polaroid Impulse,1986
184,00184.jpeg,Pierre Bernard,"Identity For Clichy-La-Garenne, Gift Watch",1991
185,00185.jpeg,Pierre Bernard,"Poster For The Special Festival ""Amérique Latines""",1992
186,00186.jpeg,Pierre Bernard,Job Parilux,1996
187,00187.jpeg,Pierre Bernard,Sign System For Cordes-Sur-Ciel,1997
188,00188.jpeg,Santiago Calatrava,Campo Volantín Footbridge,1997
189,00189.jpeg,Santiago Calatrava,Tenerife Auditorium,2003
190,00190.jpeg,Santiago Calatrava,"Milwaulkee Art Museum, Time Lapse",2001
191,00191.jpeg,Santiago Calatrava,"Nation'S Wall, Olympic Stadium, Athens",2004
192,00192.jpeg,Santiago Calatrava,"Light Rail Bridge, Jerusalem",2008
193,00193.jpeg,Santiago Calatrava,Reggio Emilia Bridges,2007
194,00194.jpeg,Joseph Albers,Color Mixture In Paper,1963
195,00195.jpeg,Joseph Albers,Vibrating Boundaries,1963
196,00196.jpeg,Joseph Albers,Leaf Studies,1963
197,00197.jpeg,Joseph Albers,Reversed Grounds,1963
198,00198.jpeg,Joseph Albers,Additive Color Mixing,1963
199,00199.jpeg,Kenny Scharf,Great To Meat Shoe,2007
200,00200.jpeg,Kenny Scharf,Carzy Roy-Al,2007
201,00201.jpeg,Studio Olafur Eliasson,The Weather Project,2003
202,00202.jpeg,Studio Olafur Eliasson,The Very Large Ice Floor,1998
203,00203.jpeg,Studio Olafur Eliasson,The Color Spectrum Series,2005
204,00204.jpeg,Studio Olafur Eliasson,Waterfall,1998
205,00205.jpeg,Studio Olafur Eliasson,Reversed Waterfall,1998
206,00206.jpeg,Studio Olafur Eliasson,Domestic Motion,2005
207,00207.jpeg,Studio Olafur Eliasson,Domestic Motion,2005
208,00208.jpeg,Studio Olafur Eliasson,Your Color Memory,2004
209,00209.jpeg,Studio Olafur Eliasson,The Mediated Motion,2001
210,00210.jpeg,Studio Olafur Eliasson,Kalideoscope,2001
211,00211.jpeg,Studio Olafur Eliasson,Your Spiral View,2002
212,00212.jpeg,Studio Olafur Eliasson,Green River,1998
213,00213.jpeg,Studio Olafur Eliasson,Inverted Panorama House,2004
214,00214.jpeg,Studio Olafur Eliasson,Umschreibung,2004
215,00215.jpeg,Studio Olafur Eliasson,Umschreibung,2004
216,00216.jpeg,Studio Olafur Eliasson,1 M3 Light,1999
217,00217.jpeg,Studio Olafur Eliasson,Reimagine (Large Version),2002
218,00218.jpeg,Studio Olafur Eliasson,I Believe,1992
219,00219.jpeg,Studio Olafur Eliasson,Negative Quasi Brick Wall,2003
220,00220.jpeg,Studio Olafur Eliasson,Global Cooling Lamp,2006
221,00221.jpeg,Studio Olafur Eliasson,Your Rainbow Panorama,2006
222,00222.jpeg,Studio Olafur Eliasson,Your Rainbow Panorama,2006
223,00223.jpeg,Yoko Ono,Sky Piece V,2013
224,00224.jpeg,Yoko Ono,Life Piece III,2013
225,00225.jpeg,Yoko Ono,Cleaning Piece VI,2013
226,00226.jpeg,Yoko Ono,Sound Piece X,2013
227,00227.jpeg,Yoko Ono,Wish Piece VI,2013
228,00228.jpeg,Kaws,Permanant Thirty-Three,2008
229,00229.jpeg,Kaws,Untitled (Warm Regards),2005
230,00230.jpeg,Kaws,Untitled (Original Fake),2007
231,00231.jpeg,Kaws,Permanent Thirty-Three,2008
232,00232.jpeg,Kenny Scharf,Peas N Butter,2006
233,00233.jpeg,Ettore Sotsass,Page From Room East 128 Chronicle,1962
234,00234.jpeg,Ettore Sotsass,Plates Dedicated To Shiva,1964
235,00235.jpeg,Ettore Sotsass,Logos 27 Mechanical Calculator,1965
236,00236.jpeg,Ettore Sotsass,Chi Ha Paura Di Frank Lloyd Wright?,1976
237,00237.jpeg,Ettore Sotsass,"Adjustable Typist Chair, Sistema 45",1973
238,00238.jpeg,Ettore Sotsass,Jewlery Design,1963
239,00239.jpeg,Ettore Sotsass,Mobili Neri For Ernest Mourmans,2003
240,00240.jpeg,Ettore Sotsass,"Yuko House, Tokyo",1992
241,00241.jpeg,Ettore Sotsass,"Esprit Showroom, Dusseldorf",1986
242,00242.jpeg,Ettore Sotsass,"Esprit Showroom, Dusseldorf",1986
243,00243.jpeg,Ettore Sotsass,Small Coffee Table,1947
244,00244.jpeg,Ettore Sotsass,Wire Fruit Bowl,1952
245,00245.jpeg,Ettore Sotsass,Praxis 48,1964
246,00246.jpeg,Ettore Sotsass,Lettera DL,1965
247,00247.jpeg,Max Bill,Design Made From A Series Of Cirlces,1942
248,00248.jpeg,Michael Huet,Dance,1964
249,00249.jpeg,Davide Boriani,Magnetic Surface,1962
250,00250.jpeg,Anish Kapoor,1000 Names,1985
251,00251.jpeg,Anish Kapoor,Pot For Her,1985
252,00252.jpeg,Anish Kapoor,Whiteout,2004
253,00253.jpeg,Anish Kapoor,Descent Into Limbo,1992
254,00254.jpeg,Anish Kapoor,At The Edge Of The World,1998
255,00255.jpeg,Anish Kapoor,Untitled,2008
256,00256.jpeg,Anish Kapoor,Untitled,2009
257,00257.jpeg,Anish Kapoor,Sky Mirror,2006
258,00258.jpeg,Anish Kapoor,Sky Mirror,2007
259,00259.jpeg,Anish Kapoor,Drop,2008
260,00260.jpeg,Anish Kapoor,Untitled,2008
261,00261.jpeg,Anish Kapoor,Vertigo,2006
262,00262.jpeg,Anish Kapoor,C-Curve,2007
263,00263.jpeg,Anish Kapoor,Untitled,1996
264,00264.jpeg,Anish Kapoor,Eternal Bonds,1977
265,00265.jpeg,Kenny Scharf,Chunk Pack No. 3,1983
266,00266.jpeg,Kenny Scharf,Quality Dope,2005
267,00267.jpeg,Kenny Scharf,Automatic Mosnter,2006
268,00268.jpeg,Kenny Scharf,Milk Chocolate Donut At The Edge Of Space,2007
269,00269.jpeg,Kenny Scharf,Islandia Vegetado,2007
270,00270.jpeg,Enzo Mari,Structure No. 969,1974
271,00271.jpeg,Babette Mangolte,"Trisha Brown, Locus",1975
272,00272.jpeg,Sol Lewitt,Incomplete Open Cube,1974
273,00273.jpeg,Sol Lewitt,"Installation, Daniels Gallery",1965
274,00274.jpeg,Sol Lewitt,Star (3 Pointed),1990
275,00275.jpeg,Maison Martin Margiela,Makeup Design,2003
276,00276.jpeg,Maison Martin Margiela,2005 Lookbook,2005
277,00277.jpeg,Maison Martin Margiela,List Of Colors Applied On Women'S Fingertips,1992
278,00278.jpeg,Maison Martin Margiela,Studio,1994
279,00279.jpeg,Maison Martin Margiela,Fluorescent Yellow Turtleneck,2008
280,00280.jpeg,Maison Martin Margiela,Cork Necklace,1999
281,00281.jpeg,Maison Martin Margiela,Artisanal Jacket,2008
282,00282.jpeg,Maison Martin Margiela,London Store,2004
283,00283.jpeg,Maison Martin Margiela,Fur Jacket Made Out Of Blonde Wigs,2008
284,00284.jpeg,Takashi Murakami,And Then X 6 (Blue),2012
285,00285.jpeg,Takashi Murakami,Pink-Time,2008
286,00286.jpeg,Takashi Murakami,Infinity,2008
287,00287.jpeg,Takashi Murakami,Kansei Korin Red Stream,2009
288,00288.jpeg,Takashi Murakami,Pom & Me (Gold),2010
289,00289.jpeg,Sarina Brewer,Mother'S Little Helper Monkey,2005
290,00290.jpeg,Kentaro Nishino,Family,2009
291,00291.jpeg,Ute Lennars Lembeck,Weeping Willow,2011
292,00292.jpeg,Such Initiative,B.E.E.S.,2011
293,00293.jpeg,Haroshi,Hammerhead,2011
294,00294.jpeg,Marco Evaristti,Pink State Project,2007
295,00295.jpeg,Tilt & Mist,Target 5,2010
296,00296.jpeg,Takeo Okamoto,Icy DJ,2008
297,00297.jpeg,Raphel,Transfiguration,1516
298,00298.jpeg,James Logan,The Clans Of The Scottish Highlands,1857
299,00299.jpeg,Ernst Haeckel,Siphonophorae,1899
300,00300.jpeg,Alexander Mcqueen,"Detail Of Coat, Voss, Spring/Summer ",2001
301,00301.jpeg,Juan Valverde De Amuscio,Plate 95,1550
302,00302.jpeg,Sam Taylor-Johnson/Alexander Mcqueen,For Another Mag Autum/Winter,2002
303,00303.jpeg,John Pawson,"St Tropez, Provence France",2015
304,00304.jpeg,John Pawson,"Mayfair, London",2015
305,00305.jpeg,John Pawson,"Knokke, Belgium",2005
306,00306.jpeg,John Pawson,"Notting Hill, London",2017
307,00307.jpeg,John Pawson,Kew London,2016
308,00308.jpeg,Unknown,Plate From The Book Of Nature,1482
309,00309.jpeg,Louisa Howard,Tomato,2011
310,00310.jpeg,Ebenezer Sibly,Plant And Herbs,1789
311,00311.jpeg,Magdalena Turzanska,Lepidozia Reptans,2013
312,00312.jpeg,Giacometti,Suspended Ball,1930
313,00313.jpeg,Giacometti,Walking Man I,1960
314,00314.jpeg,Sean Landers,Career Ego,1999
315,00315.jpeg,Sergej Jensen,Untitled ,2001
316,00316.jpeg,Eberhard Havekost,Untitled ,2000
317,00317.jpeg,Ian Davenport,Poured Painting,1999
318,00318.jpeg,Louise Lawler,War Is Terror,2003
319,00319.jpeg,Bruce Nauman,"Life, Death, Love, Hate, Pleasure, Pain",1983
320,00320.jpeg,Keith Haring,Polaroid Self Portrait Wearing Glasses Painted By Kenny Scharf,1980
321,00321.jpeg,Keith Haring,Polaroid Self Portrait Wearing Glasses Painted By Kenny Scharf,1980
322,00322.jpeg,Keith Haring,Polaroid Self Portrait Wearing Glasses Painted By Kenny Scharf,1980
323,00323.jpeg,Keith Haring,Polaroid Self Portrait Wearing Glasses Painted By Kenny Scharf,1980
324,00324.jpeg,Mark Rothko,No. 14,1960
325,00325.jpeg,Mark Rothko,Untitled,1952
326,00326.jpeg,Mark Rothko,Untitled,1955
327,00327.jpeg,Mark Rothko,Untitled,1961
328,00328.jpeg,Mark Rothko,No. 1 (White And Red),1961
329,00329.jpeg,Mark Rothko,Blue And Grey,1962
330,00330.jpeg,Milton Glaser,Henry Kressing - The Cook,1965
331,00331.jpeg,Milton Glaser,"Zimm'S Palette, My Fingers",1966
332,00332.jpeg,Milton Glaser,Aiga Sketch,1977
333,00333.jpeg,Milton Glaser,Study Of Elliot Gould,1970
334,00334.jpeg,Milton Glaser,Study Of Elliot Gould,1970
335,00335.jpeg,Joseph Albers,Homage To The Square: On An Early Sky,1964
336,00336.jpeg,František Kupka,Pimp,1910
337,00337.jpeg,František Kupka,"Girl With A Ball, Andrée",1908
338,00338.jpeg,František Kupka,"Study For Amorpha, Fugue In Two Colors Ii",1911
339,00339.jpeg,František Kupka,"Study For Amorpha, Fugue In Two Colors",1911
340,00340.jpeg,František Kupka,Yellow Scale I,1907
341,00341.jpeg,František Kupka,Four Stories In Black And White,1926
342,00342.jpeg,František Kupka,Lipstick I,1908
343,00343.jpeg,František Kupka,Lipstick II,1908
344,00344.jpeg,František Kupka,Vertical Planes I,1912
345,00345.jpeg,František Kupka,Animated Lines I,1933
346,00346.jpeg,František Kupka,Form Of Orange,1923
347,00347.jpeg,Zaha Hadid,Berlin 2000,1998
348,00348.jpeg,Zaha Hadid,Vitra Fire Station,1994
349,00349.jpeg,Zaha Hadid,Zollhof 3 Media Park,1993
350,00350.jpeg,Zaha Hadid,Tea And Coffee Set,1996
351,00351.jpeg,Zaha Hadid,Tide,2010
352,00352.jpeg,Zaha Hadid,Genesy Lamp,2009
353,00353.jpeg,Zaha Hadid,Z Chair,2011
354,00354.jpeg,Urs Fischer,What If The Phone Rings,2003
355,00355.jpeg,Urs Fischer,Untitled,2011
356,00356.jpeg,Urs Fischer,Eckwurst,1997
357,00357.jpeg,Urs Fischer,Horses Dream Of Horses,2004
358,00358.jpeg,Urs Fischer,You Can Not Win,2003
359,00359.jpeg,Urs Fischer,You Can Only Lose,2003
360,00360.jpeg,Urs Fischer,Hudson,1995
361,00361.jpeg,Urs Fischer,Nail Solo,2012
362,00362.jpeg,Urs Fischer,Chagall,2006
363,00363.jpeg,Urs Fischer,Am & Pm,2001
364,00364.jpeg,Urs Fischer,Untitled (Holes),2006
365,00365.jpeg,Urs Fischer,Necrophonia,2011
366,00366.jpeg,Urs Fischer,Untitled (Candle),1999
367,00367.jpeg,Urs Fischer,Sodbrennen,2004
368,00368.jpeg,Urs Fischer,The Thing,2003
369,00369.jpeg,Urs Fischer,Stripper,2009
370,00370.jpeg,Urs Fischer,Figure Skater,2009
371,00371.jpeg,Halu Arakçe,Untitled,2001
372,00372.jpeg,Peter Bonde,Untitled,2002
373,00373.jpeg,Merlin Carpenter,Doppelgänger,1999
374,00374.jpeg,Merlin Carpenter,"Girl, Broken",2001
375,00375.jpeg,Markus Döbeli,Untitled,1999
376,00376.jpeg,Markus Döbeli,Untitled,2000
377,00377.jpeg,Katharina Grosse,Untitled,1998
378,00378.jpeg,Manuel Ocampo,Artist Examining Life Closely,1998
379,00379.jpeg,Manuel Ocampo,The Failure To Express Its Expression,2000
380,00380.jpeg,Manuel Ocampo,The Holocausts Spackle In The Murals Of The Quixotic Inseminators,2000
381,00381.jpeg,Federico Herrero,Carefully Repainted Yellow Areas,2001
382,00382.jpeg,Gary Hume,Large Angel Head,1999
383,00383.jpeg,Yishai Jusidman,B. E.,2001
384,00384.jpeg,Žiga Kariž,Teror-Dekor 5,1998
385,00385.jpeg,Žiga Kariž,The Grey City 2,1997
386,00386.jpeg,Michelangelo,Angel With Candlestick,1494
387,00387.jpeg,Michelangelo,Bacchus,1497
388,00388.jpeg,Michelangelo,Bacchus,1497
389,00389.jpeg,Michelangelo,The Rome Pietà,1499
390,00390.jpeg,Michelangelo,Saint Pius,1504
391,00391.jpeg,Michelangelo,Bruges Madonna,1504
392,00392.jpeg,Michelangelo,Moses,1516
393,00393.jpeg,Michelangelo,Rebellious And Dying Slaves,1516
394,00394.jpeg,Michelangelo,The Victory,1530
395,00395.jpeg,Michelangelo,Battle Of Cascina,1504
396,00396.jpeg,Michelangelo,Libyan Sybil,1510
397,00397.jpeg,Michelangelo,Medici Palace Window,1517
398,00398.jpeg,Caravaggio,The Cardsharps,1595
399,00399.jpeg,Caravaggio,The Cardsharps,1595
400,00400.jpeg,Caravaggio,Judith With The Head Of Holofernes,1566
401,00401.jpeg,Paolo Veronese,Vision Of St. Helen,1580
402,00402.jpeg,Caravaggio,Portrait Of The Cortesean Fillide Meladroni,1599
403,00403.jpeg,Caravaggio,Head Of The Medusa,1598
404,00404.jpeg,Caravaggio,St. John The Baptist,1603
405,00405.jpeg,Leonardo Da Vinci,Portrait Of Ginevra De' Benci,1480
406,00406.jpeg,Leonardo Da Vinci,Lady With An Ermine,1490
407,00407.jpeg,Leonardo Da Vinci,Madonna Of The Yarnwinder,1507
408,00408.jpeg,Leonardo Da Vinci,Lady And Her Children,1513
409,00409.jpeg,Leonardo Da Vinci,Anatomical Analysis Of The Movements Of The Shoulder And Neck,1510
410,00410.jpeg,Leonardo Da Vinci,Sheet Of Studies Of Cats,1515
411,00411.jpeg,Giovanni Bianco,Madonna - Confessions,2006
412,00412.jpeg,Jorge Carrozzino,El Hombre Que Se Comió Un Autobus,1969
413,00413.jpeg,Dicken Castro,Xi Cumbre De Paises No Alineados,1995
414,00414.jpeg,Dicken Castro,I Bienial Columbiana De Aequilectura,1962
415,00415.jpeg,Carlos Cruz-Diez,La Calidad De La Vida,1974
416,00416.jpeg,Kiko Farkas,Sao Paulo Symphony Orchestra,2006
417,00417.jpeg,Gillermo Gonzáles-Ruiz,La Ribera De Buenos Aires,2001
418,00418.jpeg,John Moore,Makiritare,2000
419,00419.jpeg,Erik Nitsche,Fortune Magazine Cover,1954
420,00420.jpeg,Alex Steinweiss,Contrasts In Hi-Fi,1958
421,00421.jpeg,Alex Steinweiss,Marches,1941
422,00422.jpeg,Alex Steinweiss,Encores,1947
423,00423.jpeg,Alex Steinweiss,Calypso,1957
424,00424.jpeg,Peter Saville,"Power, Corruption, And Lies",1983
425,00425.jpeg,Peter Saville,Movement,1981
426,00426.jpeg,Peter Saville,A Factory Sample,1978
427,00427.jpeg,The Designers Republic,Windowlicker,1999
428,00428.jpeg,The Designers Republic,Dr. Sissy - Dr. Deth Toy,1993
429,00429.jpeg,Louise Fili,Sfida Wine Labels,2000
430,00430.jpeg,"Big Actice, Mat Maitland, Gerard Saint, Beck",The Information,2006
431,00431.jpeg,Peter Saville,Blue Monday,1983
432,00432.jpeg,Raymond Lowey,Lucky Strike,1942
433,00433.jpeg,Magic Egg,Dr. Bronner'S Magic Soap,1960
434,00434.jpeg,Arthur Paul,Playboy,1967
435,00435.jpeg,Paul Sahre,Sva Poster,2006
436,00436.jpeg,Pablo Picasso,Man With A Cap,1895
437,00437.jpeg,Pablo Picasso,Head Of A Crying Woman,1903
438,00438.jpeg,Pablo Picasso,Jeanne,1901
439,00439.jpeg,Pablo Picasso,Nude With Legs Crossed,1905
440,00440.jpeg,Pablo Picasso,Self Portraits,1907
441,00441.jpeg,Pablo Picasso,Violin,1912
442,00442.jpeg,Pablo Picasso,"Glass, Bottle Of Wine, Packet Of Tobacco, And Newspaper",1914
443,00443.jpeg,Pablo Picasso,Guitar,1915
444,00444.jpeg,Pablo Picasso,Guitar And Bottle Of Bass,1915
445,00445.jpeg,Pablo Picasso,Glass And Packet Of Tobacco,1914
446,00446.jpeg,Pablo Picasso,The Swimmer,1929
447,00447.jpeg,Pablo Picasso,Lare Still Life With A Pedestal Table,1931
448,00448.jpeg,Pablo Picasso,Head On A Red Background,1930
449,00449.jpeg,Pablo Picasso,Pregnant Woman,1969
450,00450.jpeg,Pablo Picasso,"Claude Drawing, Françoise And Paloma",1954
451,00451.jpeg,Pablo Picasso,Bull'S Head,1942
452,00452.jpeg,Pablo Picasso,Woman With Outstretched Arms,1961
453,00453.jpeg,William Eggleston,Plates,2016
454,00454.jpeg,William Eggleston,Plates,2016
455,00455.jpeg,Nicole Vicencio,Monochromatic Compositions,2013
456,00456.jpeg,Karishma Sheth,Cool-Aid Paper,2013
457,00457.jpeg,Jurgen Bey,Garden Bench,1999
458,00458.jpeg,Gerrit Rietveld,Schroder House,1924
459,00459.jpeg,Jop Van Bennekom,Re-Magazine #4,2000
460,00460.jpeg,Urs Fischer,Shopping Cart And Ducky,2010
461,00461.jpeg,Urs Fischer,Cuntface,2012
462,00462.jpeg,Urs Fischer,Untitled,2009
463,00463.jpeg,Urs Fischer,Tisch Mit,2001
464,00464.jpeg,Urs Fischer,I Can Smell Our Words,2002
465,00465.jpeg,Urs Fischer,Lie To A Dog,2005
466,00466.jpeg,Paula Scher,Tile Wall In Cafeteria,2013
467,00467.jpeg,Andy Goldsworthy,Limestone Corner Cones,1993
468,00468.jpeg,Andy Goldsworthy,"Wet Sand Cupped, Squeezed, Thrown Out Of Water",1991
469,00469.jpeg,Andy Goldsworthy,Cleanly Broken Pebbles,1987
470,00470.jpeg,Andy Goldsworthy,Clay-Covered Rocks,1992
471,00471.jpeg,Andy Goldsworthy,Peat Rubbed Into Rocks,1990
472,00472.jpeg,Bennet William,Pangaea,2018
473,00473.jpeg,Bennet William,Big Bad Party,2018
474,00474.jpeg,Bennet William,Sirens,2018
475,00475.jpeg,Bennet William,Lace,2018
476,00476.jpeg,Bennet William,Laughter,2018
477,00477.jpeg,Herbert Hirche,Television Set,1958
478,00478.jpeg,Dieter Rams,Lautsprecher,1958
479,00479.jpeg,Milton Glaser,Hologram Shadow,1977
480,00480.jpeg,Milton Glaser,Sva Poster,1967
481,00481.jpeg,Milton Glaser,Somday Computers Will Talk,1971
482,00482.jpeg,Sagmeister,Bmw Culture,2011
483,00483.jpeg,Sagmeister,Banana-Wall,2011
484,00484.jpeg,Sagmeister,Sagmeister-Ausstellung In Mak,2011
485,00485.jpeg,Maison Martin Margiela,The Alphabet,2001
486,00486.jpeg,Maison Martin Margiela,The Alphabulous: A Is For Animal,2006
487,00487.jpeg,Maison Martin Margiela,The Alphabulous: Z Is For Zeitgeist,2006
488,00488.jpeg,Maison Martin Margiela,M/Mink Advertising Campaign,2010
489,00489.jpeg,Maison Martin Margiela,Zidane'S Monogram,2006
490,00490.jpeg,Batia Suter,Radical Grammar Pg.165,1970
491,00491.jpeg,Batia Suter,Radical Grammar Pg.18,1970
492,00492.jpeg,Batia Suter,Radical Grammar Pg. 61,1970
493,00493.jpeg,Batia Suter,Radical Grammar Pg. 180,1970
494,00494.jpeg,Batia Suter,Radical Grammar Pg. 189,1970
495,00495.jpeg,Batia Suter,Radical Grammar Pg. 196,1970
496,00496.jpeg,Ladislav Sutnar,Cuna Engineering Corporation Catalog,1946
497,00497.jpeg,Paula Scher,"Fucking A, A Contemporary Take On The Scarlet Letter",2002
498,00498.jpeg,Ruedi Külling,Bic Biros,1970
499,00499.jpeg,Michael Schwab,Golden Gate National Parks Poster,1996
500,00500.jpeg,Michael Schwab,Golden Gate National Parks Poster,1996
501,00501.jpeg,Michael Schwab,Golden Gate National Parks Poster,1996
502,00502.jpeg,Jock Kinneir,Sex In Society,1964
503,00503.jpeg,Denise York,"Rhinocerous, The Chairs, The Lesson",1967
504,00504.jpeg,Germano Facetti,The Stagnant Society,1964
505,00505.jpeg,"Eduardo Terrazas, Pedro Ramirez Vásquez",Mexico 68,1968
506,00506.jpeg,Superflex,Superflex Biogas In Africa,1997
507,00507.jpeg,Superflex,Lacoste,2002
508,00508.jpeg,Tim Walker,Photo Booth Snapshots,1979
509,00509.jpeg,Tim Walker,Boys And Red Mini-Cooper,1997
510,00510.jpeg,Tim Walker,Gingerbread Boy,1995
511,00511.jpeg,Tim Walker,Grasshopper,1997
512,00512.jpeg,Tim Walker,Siobhan Finnigan,1998
513,00513.jpeg,Tim Walker,Delaine Le Bas,1998
514,00514.jpeg,Tim Walker,Caravan Life,2004
515,00515.jpeg,Tim Walker,Caravan Life,2004
516,00516.jpeg,Tim Walker,Animal Sanctuary,2000
517,00517.jpeg,Tim Walker,Elisabeth Moses,1999
518,00518.jpeg,Tim Walker,Nicholas Robinson And Rope Lights,2008
519,00519.jpeg,Tim Walker,Erin O'Connor And Mirrored Geese,2004
520,00520.jpeg,Tim Walker,"Page From Scrapbook ""Vogue Pantomime""",2004
521,00521.jpeg,Tim Walker,Lily Cole,2005
522,00522.jpeg,Tim Walker,Sequence Of Polaroids,1996
523,00523.jpeg,Tim Walker,English Suntan,2001
524,00524.jpeg,Tim Walker,Eglingham Graffiti,2007
525,00525.jpeg,Tim Walker,Page From Scrapbook,1998
526,00526.jpeg,Salvador Dalí,The Man With Drinking Jar With Spout,1921
527,00527.jpeg,Salvador Dalí,The Voyeur,1921
528,00528.jpeg,Salvador Dalí,Old Man Of Port Dogué,1921
529,00529.jpeg,Salvador Dalí,Muse Of Cadaqués,1921
530,00530.jpeg,Salvador Dalí,Study Of A Nude,1924
531,00531.jpeg,Salvador Dalí,Seated Monk,1925
532,00532.jpeg,Salvador Dalí,Desnudo,1925
533,00533.jpeg,Salvador Dalí,The Memory Of The Woman-Child,1929
534,00534.jpeg,Salvador Dalí,Un Chien Andalou,1929
535,00535.jpeg,Salvador Dalí,Un Chien Andalou,1929
536,00536.jpeg,Salvador Dalí,Vertigo Or The Tower Of Pleasure,1930
537,00537.jpeg,Salvador Dalí,Le Phénomène De L'Extase,1933
538,00538.jpeg,Salvador Dalí,Mae West'S Face Which May Be Used As A Surralist Apartment,1935
539,00539.jpeg,Salvador Dalí,"Dalí And Gala Bathing With Vermeer'S ""Lacemaker"" At Port Lligat",1959
540,00540.jpeg,Salvador Dalí,Portrait Of Theo Rossi,1957
541,00541.jpeg,Salvador Dalí,Portrait Of Alexander Guest,1959
542,00542.jpeg,Salvador Dalí,The Rose (Meditative Rose),1959
543,00543.jpeg,Salvador Dalí,The Christian Knight,1971
544,00544.jpeg,Salvador Dalí,Lady Godiva,1971
545,00545.jpeg,Salvador Dalí,Tête Oto-Rhinologique De Vénus,1964
546,00546.jpeg,Salvador Dalí,Les Vins De Gala At Du Divin,1977
547,00547.jpeg,Virgil Abloh,Sportswear From Pyrex Vision,2013
548,00548.jpeg,Virgil Abloh,Sportswear From Pyrex Vision,2013
549,00549.jpeg,Virgil Abloh,Sportswear From Pyrex Vision,2013
550,00550.jpeg,Virgil Abloh,Sportswear From Pyrex Vision,2013
551,00551.jpeg,Virgil Abloh,Yeezus,2013
552,00552.jpeg,Virgil Abloh,Neon Sign For Off-White Women'S Collection,2015
553,00553.jpeg,Virgil Abloh,Skull Knit Rock Long Sleeve T-Shirt From Look 22,2017
554,00554.jpeg,Virgil Abloh,"""Sculpture"" Bag From Look 28",2017
555,00555.jpeg,Virgil Abloh,"Virgil Abloh For Ikea: ""Receipt"" Rug Prototype (Unreleased)",2018
556,00556.jpeg,Virgil Abloh,Nike Prototypes (Unreleased),2018
557,00557.jpeg,Virgil Abloh,Pyrex 2.0 Screen-Print Frame,2018
558,00558.jpeg,Richard Avedon,"Lauren Hutton, Great Exuma",1969
559,00559.jpeg,Richard Avedon,"Harper'S Bazaar, November 1947",1947
560,00560.jpeg,Hussein Chalayan,Readings,2007
561,00561.jpeg,Nick Knight,Shalom Harlow,1997
562,00562.jpeg,Tim Walker,British Vogue,2008
563,00563.jpeg,Tim Walker,Jacob And Big Apples,2008
564,00564.jpeg,Tim Walker,Fanni Bostrom - Japanese Vogue,2012
565,00565.jpeg,Tim Walker,Horse In The House,2008
566,00566.jpeg,Tim Walker,Firework Chandelier,2006
567,00567.jpeg,Richard Avedon,Dovima With Ray Bolger,1957
568,00568.jpeg,Richard Avedon,Sunny Harnett,1954
569,00569.jpeg,Richard Avedon,"Audrey Hepburn, New York, January 1967",1967
570,00570.jpeg,Richard Avedon,Jean Shrimpton With Jeanloup Sieff,1967
571,00571.jpeg,Richard Avedon,Simone,1965
572,00572.jpeg,Richard Avedon,Kara Young With Reinaldo,1995
573,00573.jpeg,Richard Avedon,Carmen Kass Abd Audrey Marnay,1998
574,00574.jpeg,Ellsworth Kelly,Black Curves,2011
575,00575.jpeg,Ellsworth Kelly,Green Orange Yellow,2004
576,00576.jpeg,Ellsworth Kelly,Red White Black Blue,2014
577,00577.jpeg,Ellsworth Kelly,Blue Green,1961
578,00578.jpeg,Ellsworth Kelly,Yellow Blue Curve,1996
579,00579.jpeg,Ellsworth Kelly,Yellow Relief With Blue,1991
580,00580.jpeg,Zaha Hadid,Dubai Opera House 2006,2006
581,00581.jpeg,Zaha Hadid,Dongdaemun Design Plaza,2009
582,00582.jpeg,Zaha Hadid,Dongdaemun Design Plaza,2009
583,00583.jpeg,Zaha Hadid,Mobile Art Pavilion For Chanel,2011
584,00584.jpeg,Zaha Hadid,Heydar Aliyev Centre,2013
585,00585.jpeg,Zaha Hadid,Jockey Club Innovation Tower,2013
586,00586.jpeg,Zaha Hadid,Dominion Office Building,2015
587,00587.jpeg,Zaha Hadid,Burnham Pavilion,2009
588,00588.jpeg,Zaha Hadid,Galaxy Soho,2008
589,00589.jpeg,Zaha Hadid,Z-Scape,2000
590,00590.jpeg,Zaha Hadid,Iceberg,2003
591,00591.jpeg,Zaha Hadid,Series Zh Door Handles,2005
592,00592.jpeg,Alberto Giacometti,Bust Of Man With Sweater,1953
593,00593.jpeg,Alberto Giacometti,Diego With A Windbreaker,1954
594,00594.jpeg,Alberto Giacometti,Cubist Composition  Ii,1927
595,00595.jpeg,Alberto Giacometti,"Untitled, Ca",1931
596,00596.jpeg,Alberto Giacometti,Point To The Eye,1931
597,00597.jpeg,Alberto Giacometti,Cube,1934
598,00598.jpeg,Alberto Giacometti,Paris Studio With Small Figures,1947
599,00599.jpeg,Alberto Giacometti,Large Head,1960
600,00600.jpeg,Caravaggio,St Catherine Of Alexandria 1597,1597
601,00601.jpeg,Caravaggio,Judith With The Head Of Holofernes,1566
602,00602.jpeg,Caravaggio,The Entombment Of Christ,1612
603,00603.jpeg,Caravaggio,Portrait Of Marcantonio Colonna,1557
604,00604.jpeg,Caravaggio,The Conversion Of St Paul,1602
605,00605.jpeg,Caravaggio,David With The Head Of Goliath,1609
606,00606.jpeg,Caravaggio,The Sacrifice Of Isaac,1597
607,00607.jpeg,Caravaggio,Vision Of St Jerome,1609
608,00608.jpeg,Nick Knight,Lyric,2004
609,00609.jpeg,Nick Knight,"Sara Morrison, Suede, Saturday Night",1996
610,00610.jpeg,Nick Knight,"Micky Hicks, Dolls",2000
611,00611.jpeg,Nick Knight,Exploding Flowers,2005
612,00612.jpeg,Nick Knight,Debra Shaw,1997
613,00613.jpeg,Alfredo Garzón,Cartones De Garzón Page 143,2012
614,00614.jpeg,Alfredo Garzón,Cartones De Garzón Page 147,2012
615,00615.jpeg,Alfredo Garzón,Cartones De Garzón Page 171,2012
616,00616.jpeg,Alfredo Garzón,Cartones De Garzón Page 119,2012
617,00617.jpeg,Alfredo Garzón,Cartones De Garón Page 123,2012
618,00618.jpeg,Sean Mitchell,Kid Pixs Page 12,2019
619,00619.jpeg,Sean Mitchell,Kid Pixs Page 14,2019
620,00620.jpeg,Irving Penn,Theatre Accident,1947
621,00621.jpeg,Irving Penn,Joe Louis,1948
622,00622.jpeg,Irving Penn,Salvador Dali,1947
623,00623.jpeg,Irving Penn,"Untitled, Philadelphia",1938
624,00624.jpeg,Irving Penn,Still Life With Watetmelon,1947
625,00625.jpeg,Irving Penn,Cigaretee No. 69,1972
626,00626.jpeg,Irving Penn,Clinique Advertisment,1983
627,00627.jpeg,Irving Penn,Aphrodisiacs,1997
628,00628.jpeg,Keirnan Monaghan And Theo Vamvounakis,"Potato And ""Butter-Milk"" Soup",2016
629,00629.jpeg,Edward Steichen,Sugar Cubes: Design For Stehli Silk Corporation,1920
630,00630.jpeg,Unknown,Front Cover Of New Recipes For Good Eating,1949
631,00631.jpeg,Imogen Cunningham,Five Eggs,1951
632,00632.jpeg,Harold Edgerton,Milk Drop Coronet,1957
633,00633.jpeg,Harold Edgerton,Bullet Through Apple,1964
634,00634.jpeg,Harold Edgerton,Bullet Through Banana,1964
635,00635.jpeg,Ouka Leele,Limones,1979
636,00636.jpeg,Martin Parr,"Wells, Somerset, England",2000
637,00637.jpeg,Lorenzo Vitturi,Red,2013
638,00638.jpeg,Grant Cornett,Jello Disco Floor,2016
639,00639.jpeg,Ed Thrasher,Françoise Hardy - Loving,1960
640,00640.jpeg,Ed Caraeff,The Strawberry Alarm Clock – Incense And Peppermints,1967
641,00641.jpeg,"Herb Greene, Kelly",Grateful Dead – Grateful Dead,1967
642,00642.jpeg,Haig Adishian,Vanilla Fudge – Vanilla Fudge,1967
643,00643.jpeg,Charles E. White Iii,The West Coast Pop Art Experimental Band Part One,1967
644,00644.jpeg,Martin Sharp,Cream – Disraeli Gears,1967
645,00645.jpeg,Unknown,Kraftwerk – Computer World,1981
646,00646.jpeg,Artrouble,Devo – Freedom Of Choice,1980
647,00647.jpeg,Me Company,Björk – Post (Rear Cover),1995
648,00648.jpeg,Unknown,"Dr. Timothy Leary, Ph.D. – LSD",1966
649,00649.jpeg,Sarah Lucas,Self Portrait With Fried Eggs,1996
650,00650.jpeg,Wladimir Schohin,Stilleiben,1910
651,00651.jpeg,Paul Outerbridge,Prowlers Welcome,1941
652,00652.jpeg,Paul Outerbridge,Coffee Drinkers,1940
653,00653.jpeg,Farm Security Administration,Victory In An Eggshell,1942
654,00654.jpeg,Knox,On-Camera Recipies,1963
655,00655.jpeg,Crisco,New Recipies For Good Eating (Rear Cover),1949
656,00656.jpeg,John Hinde,Pasty With Potatoes And Assorted Vegetables,1941
657,00657.jpeg,Richard Meek,The Cooking Of Scandinavia,1968
658,00658.jpeg,Robert Cumming,Watermelon / Bread,1970
659,00659.jpeg,Robert Heinecken,TV Dinner: Shrimp #1,1971
660,00660.jpeg,Robert Heinecken,TV Dinner: Shrimp #3,1971
661,00661.jpeg,Robert Heinecken,TV Dinner: Shrimp #6,1971
662,00662.jpeg,Unknown,Be Bold With Bananas,1970
663,00663.jpeg,Unknown,Be Bold With Bananas,1970
664,00664.jpeg,Weight Watchers,Recipie Card,1974
665,00665.jpeg,Weight Watchers,Recipie Card,1974
666,00666.jpeg,Weight Watchers,Recipie Card,1974
667,00667.jpeg,Weight Watchers,Recipie Card,1974
668,00668.jpeg,Weight Watchers,Recipie Card,1974
669,00669.jpeg,Weight Watchers,Recipie Card,1974
670,00670.jpeg,Weight Watchers,Recipie Card,1974
671,00671.jpeg,Weight Watchers,Recipie Card,1974
672,00672.jpeg,Cindy Sherman,Untitled #175,1987
673,00673.jpeg,Vik Muniz,Che (Black Bean Soup),2000
674,00674.jpeg,Susan Donnell,House Beautiful #1,2005
675,00675.jpeg,Susan Donnell,House Beautiful #15,2005
676,00676.jpeg,Susan Donnell,House Beautiful #2,2005
677,00677.jpeg,Chris Maggio,Male Chef Thanksgiving,2013
678,00678.jpeg,Chris Maggio,Male Chef Thanksgiving,2013
679,00679.jpeg,Unknown,Untitled (Leg Art?),1944
680,00680.jpeg,Nan Goldin,"Cookie At Tin Pan Alley, New York",1983
681,00681.jpeg,Nan Goldin,Skeletons Coupling,1983
682,00682.jpeg,Nan Goldin,Chisato At A Love Hotel,1994
683,00683.jpeg,Skullphone,Sticker,1999
684,00684.jpeg,Kenny Scharf,Kolorbz,2013
685,00685.jpeg,Kenny Scharf,Klobz,2013
686,00686.jpeg,Kenny Scharf,Squirtz,2013
687,00687.jpeg,Kenny Scharf,Red Scary Guy,2013
688,00688.jpeg,Kenny Scharf,Pikaboom!,2012
689,00689.jpeg,Kenny Scharf,Houston And Bowery Chunkpack,2010
690,00690.jpeg,Kenny Scharf,Houston And Bowery Chunkpack,2010
691,00691.jpeg,Kenny Scharf,Houston And Bowery Chunkpack,2010
692,00692.jpeg,Kenny Scharf,Houston And Bowery Chunkpack,2010
693,00693.jpeg,Bruce Nauman,Four Corner Piece,1971
694,00694.jpeg,Bruce Nauman,Four Corner Piece,1971
695,00695.jpeg,Piet Mondrian,"Composition Of Red, Blue, Yellow, And White: Nom Iii",1939
696,00696.jpeg,John Mccracken,Firewalker,1969
697,00697.jpeg,Donald Judd,Untitled,1975
698,00698.jpeg,Donald Judd,Untitled,1984
699,00699.jpeg,Robert Irwin,Untitled,1969
700,00700.jpeg,Robert Irwin,Untitled,1967
701,00701.jpeg,Robert Irwin,Matinee Idol,1962
702,00702.jpeg,Dan Flavin,"Untitled (To Robert, Joe, And Michael)",1981
703,00703.jpeg,Dan Flavin,"Untitled (To Robert, Joe, And Michael)",1981
704,00704.jpeg,Dan Flavin,"""Monment"" For V. Tatlin",1969
705,00705.jpeg,Larry Bell,Lux At The Ferus,1962
706,00706.jpeg,Raymond Pettibon,No Title (I'M The Guy),1989
707,00707.jpeg,Raymond Pettibon,No Title (Edited By Raymond...),1990
708,00708.jpeg,Raymond Pettibon,No Title (Catch The Drift),1991
709,00709.jpeg,Raymond Pettibon,No Title (Maybe Moving To...),1987
710,00710.jpeg,Raymond Pettibon,"No Title (Vavoom, He Could...)",1990
711,00711.jpeg,Doug Wheeler,Rm 669,1969
712,00712.jpeg,Christian Maclay,Shake Rattle And Roll (Fluxmix),2004
713,00713.jpeg,Christian Maclay,Shake Rattle And Roll (Fluxmix),2004
714,00714.jpeg,Christian Maclay,Shake Rattle And Roll (Fluxmix),2004
715,00715.jpeg,Barry Le Va,Shatterscatter,1971
716,00716.jpeg,On Kawara,I Got Up At...,1975
717,00717.jpeg,Michael Heizer,Double Negative,1969
718,00718.jpeg,Michael Heizer,Double Negative,1969
719,00719.jpeg,Ad Reinhardt,"Abstract Painting, Blue",1952
720,00720.jpeg,Cindy Sherman,Untitled #223,1990
721,00721.jpeg,Cindy Sherman,Untitled,1982
722,00722.jpeg,Stascho Gunia,Pörtschach Am Wörthersee,1930
723,00723.jpeg,Heinrick Ebner,Großglockner,1938
724,00724.jpeg,Gottfried Fischl,Frei Vom Alltag In Österreich,1956
725,00725.jpeg,Gustav Jahn,Zell Am See,1907
726,00726.jpeg,Gustav Jahn,Hohe Tavern,1907
727,00727.jpeg,Bruno Schwatzek,Österreich Bundesbahnen,1930
728,00728.jpeg,Atelier Joseph Binder,Österreich Ladet Ein,1933
729,00729.jpeg,Atelier Hans Neumann,Holidays In Austria!,1933
730,00730.jpeg,Atelier Joseph Binder,Ferien In Österreich,1933
731,00731.jpeg,Hanns Wagula,Besuchet Österreich Und Seine Alpenwelt,1933
732,00732.jpeg,Erich Von Wunscheim,Österreich,1935
733,00733.jpeg,Hanns Wagula,Österreich,1936
734,00734.jpeg,Ilse Jahnass,Charming Austria,1958
735,00735.jpeg,Albert Herndl,Österreich,1962
736,00736.jpeg,"Gould, Cargill, & Cie",Österreich,1975
737,00737.jpeg,Atelier Das Kleeblatt,Österreich Bundesbahnen,1955
738,00738.jpeg,Atelier Johannes Kral,Österreich Bundesbahnen,1960
739,00739.jpeg,Unknown,Wien,1958
740,00740.jpeg,Unknown,Wien,1958
741,00741.jpeg,Unknown,Wien,1958
742,00742.jpeg,Unknown,Wien,1958
743,00743.jpeg,Wim Crouwel,New Alphabet,1967
744,00744.jpeg,Nolen Strals,The Locust,2002
745,00745.jpeg,Nolen Strals,Melt-Banana,2002
746,00746.jpeg,2X4,Prada Prototype,2004
747,00747.jpeg,Anton Koberger,Latin Bible,1497
748,00748.jpeg,Bráulio Amado,Boiler Room Poster,2017
749,00749.jpeg,Bráulio Amado,Good Room Poster,2017
750,00750.jpeg,Bráulio Amado,Good Room Poster,2017
751,00751.jpeg,Bráulio Amado,Alphaville Poster,2017
752,00752.jpeg,Bráulio Amado,Good Room Poster,2017
753,00753.jpeg,Bráulio Amado,Good Room Poster,2017
754,00754.jpeg,Raul Aglia,Some Like It Hot,2009
755,00755.jpeg,Superflex,Super-Friedrich Channel,2001
756,00756.jpeg,Superflex,Superchannel – Supermike,1999
757,00757.jpeg,Superflex,I Copy Therefore I Am,2009
758,00758.jpeg,Superflex,Copy Right (Photo Copy),2006
759,00759.jpeg,Superflex,Free Beer Corner,2007
760,00760.jpeg,Superflex,Social Pudding,2003
761,00761.jpeg,Superflex,Hospital Equipment,2014
762,00762.jpeg,Superflex,Hospital Equipment,2014
763,00763.jpeg,Superflex,The Campaign,1993
764,00764.jpeg,Marcel Duchamp,Fountain,1917
765,00765.jpeg,Hans Haacke,Blue Sail,1965
766,00766.jpeg,Apple,Superkilen Park,2015
767,00767.jpeg,"Pipilotti Rist, Carlos Martinez",Staadtlounge,2005
768,00768.jpeg,Hergé,Professeur Tryphon Tournesol,1943
769,00769.jpeg,Superflex,Super Egg,2011
770,00770.jpeg,"Mert Alas, Marcus Piggott",Lara Stone,2011
771,00771.jpeg,"Mert Alas, Marcus Piggott",Burning Rose,2000
772,00772.jpeg,"Mert Alas, Marcus Piggott",Kate Moss,2009
773,00773.jpeg,"Mert Alas, Marcus Piggott",Ambrose Olsen,2006
774,00774.jpeg,"Mert Alas, Marcus Piggott",Lara Stone,2013
775,00775.jpeg,"Mert Alas, Marcus Piggott",Kate Moss,2005
776,00776.jpeg,"Mert Alas, Marcus Piggott",Guinevere Van Seenus,2005
777,00777.jpeg,"Mert Alas, Marcus Piggott",Chloë Moretz,2012
778,00778.jpeg,"Mert Alas, Marcus Piggott",Karen Elson,2004
779,00779.jpeg,"Mert Alas, Marcus Piggott",Guinevere Van Seenus,2004
780,00780.jpeg,"Mert Alas, Marcus Piggott",Marionette,2006
781,00781.jpeg,"Mert Alas, Marcus Piggott",Vivien Solari,2013
782,00782.jpeg,"Mert Alas, Marcus Piggott",Iris Stubegger,2009
783,00783.jpeg,"Mert Alas, Marcus Piggott",Burning Car,2014
784,00784.jpeg,"Mert Alas, Marcus Piggott",Lea T. And Kate Moss,2010
785,00785.jpeg,"Mert Alas, Marcus Piggott",Andreja Peji,2010
786,00786.jpeg,"Mert Alas, Marcus Piggott",Finlay Davis,2010
787,00787.jpeg,"Mert Alas, Marcus Piggott",Ruth Bell,2015
788,00788.jpeg,"Mert Alas, Marcus Piggott",Guinevere Van Seenus,2012
789,00789.jpeg,"Mert Alas, Marcus Piggott",Jeneil Williams,2009
790,00790.jpeg,"Mert Alas, Marcus Piggott",Angela Lindvall,2002
791,00791.jpeg,"Mert Alas, Marcus Piggott",Angela Lindvall,2002
792,00792.jpeg,"Mert Alas, Marcus Piggott",Gemma Ward,2006
793,00793.jpeg,"Mert Alas, Marcus Piggott",Julia Nobis,2012
794,00794.jpeg,"Mert Alas, Marcus Piggott",Riccardo Tisci,2009
795,00795.jpeg,"Mert Alas, Marcus Piggott",Amanda,1998
796,00796.jpeg,"Mert Alas, Marcus Piggott",Kate Moss,2001
797,00797.jpeg,"Mert Alas, Marcus Piggott",Saskia De Brauw,2015
798,00798.jpeg,"Mert Alas, Marcus Piggott",Nature Morte,2006
799,00799.jpeg,"Mert Alas, Marcus Piggott",Natalie Portman,2005
800,00800.jpeg,"Mert Alas, Marcus Piggott",Madonna,2014
801,00801.jpeg,"Mert Alas, Marcus Piggott",Kate Moss,2014
802,00802.jpeg,"Mert Alas, Marcus Piggott",Lara Stone,2011
803,00803.jpeg,"Mert Alas, Marcus Piggott",Missy Rayder,2005
804,00804.jpeg,Fleetway Publications,The Animals – The Animals,1960
805,00805.jpeg,Richard Rosser,The Yardbirds – Five Live,1964
806,00806.jpeg,Unknown,Ogdens' Nut Gone Flake,1968
807,00807.jpeg,Thomas Sauvin,Until Death Do Us Part P. 23,2015
808,00808.jpeg,Thomas Sauvin,Until Death Do Us Part P. 33,2015
809,00809.jpeg,Thomas Sauvin,Until Death Do Us Part P. 45,2015
810,00810.jpeg,Thomas Sauvin,Until Death Do Us Part P. 71,2015
811,00811.jpeg,Pieter Brattinga,"Ontweerpen Van Tanaka, Ikko",1965
812,00812.jpeg,Jack Lenor Larsen,Matrix,1973
813,00813.jpeg,Brian Connelly,Golf Magic,1953
814,00814.jpeg,Nikola Jankovic,Sea Of Intranquillity,1972
815,00815.jpeg,Nikola Jankovic,Sea Of Intranquillity,1972
816,00816.jpeg,Nikola Jankovic,Sea Of Intranquillity,1972
817,00817.jpeg,Nikola Jankovic,Sea Of Intranquillity,1972
818,00818.jpeg,Nikola Jankovic,Sea Of Intranquillity,1972
819,00819.jpeg,Nikola Jankovic,Sea Of Intranquillity,1972
820,00820.jpeg,Nikola Jankovic,Sea Of Intranquillity,1972
821,00821.jpeg,Nikola Jankovic,Sea Of Intranquillity,1972
822,00822.jpeg,Unknown ,School Of Visual Arts Library ,2004
823,00823.jpeg,Unknown ,School Of Visual Arts Library ,2004
824,00824.jpeg,Unknown,Man And Serpent ,1300-500 B.C.
825,00825.jpeg,Unknown,Painted Died Pillar,1270 B.C.
826,00826.jpeg,Georgia O'Keefe,Pink Shell With Seaweed,1937
827,00827.jpeg,Jean-Léon Gérôme,Pygmalion And Galatea,1890
828,00828.jpeg,Georgia O'Keefe,Dark Abstraction,1924
829,00829.jpeg,Vincent Van Gogh,Vincent'S Bedroom In Aries,1888
830,00830.jpeg,Andy Warhol,Telephone,1961
831,00831.jpeg,Perugino ,Christ Hands The Key Of Heaven To Saint Peter,1500
832,00832.jpeg,Santiago Santiago Calatrava,Ernnsting'S Warehouse,1980
833,00833.jpeg,Santiago Santiago Calatrava,Lyon-Saint-Exupéry Airport Railway Station,1994
834,00834.jpeg,Santiago Santiago Calatrava,Sondinca Airport And Control Tower,1996
835,00835.jpeg,Santiago Santiago Calatrava,Tenerife Auditorium ,2003
836,00836.jpeg,Santiago Santiago Calatrava,"Planetarium, Science, Museum, And L'Umbracle",2006
837,00837.jpeg,Machineast Studio,Offf Page 16,2017
838,00838.jpeg,Paloma Rincón,Offf Page 12,2017
839,00839.jpeg,Materia,Offf Page 86,2017
840,00840.jpeg,Studio Furious ,Offf Page 89,2017
841,00841.jpeg,Hans Feurer,Green Fox Fur Coat,1971
842,00842.jpeg,David Seindner,Advertising For Yves Saint Laurent Rive Gauche,1965
843,00843.jpeg,Halmet Newton,Advertising Visual For Saint Laurent And Victoire Doutreleau,1962
844,00844.jpeg,Fouli Elia,Knitted Wool Wedding Dress,1965
845,00845.jpeg,Yves Saint Laurent,Tribute To Piet Mondrian,1965
846,00846.jpeg,Pierre Boulat,Yves Saint Laurent And Victoire Doutreleau ,1962
847,00847.jpeg,Lothar Schmid,Gold Damask Jack And Black Velvet Pants,1977
848,00848.jpeg,Peter Lindbergh,John Gallano,1996
849,00849.jpeg,Peter Lindbergh,Vogue Italia,2003
850,00850.jpeg,Peter Lindbergh,Numéro,2003
851,00851.jpeg,Andy Goldsworthy,Earth Wall,2014
852,00852.jpeg,Andy Goldsworthy,Wall Drawing,2014
853,00853.jpeg,Andy Goldsworthy,Clay Window,2014
854,00854.jpeg,Andy Goldsworthy,Leaf Works,2016
855,00855.jpeg,Andy Goldsworthy,Leaf Works,2016
856,00856.jpeg,Andy Goldsworthy,Clay House,2008
857,00857.jpeg,Andy Goldsworthy,Tree Fall,2013
858,00858.jpeg,Anonymous,Untitled,1950
859,00859.jpeg,ACM,Les 7 Cavaliers,1985
860,00860.jpeg,Tomislav Sava Carapic,Untitled (Winter In Civilization Called Sarajevo),1995
861,00861.jpeg,Felipe Jesus Consalvos,Untitled,1950
862,00862.jpeg,William Dawson,Untitled,1979
863,00863.jpeg,Hiroyuki Doi,Reincarnation Of The Soul,2006
864,00864.jpeg,Sam Doyle,Untitled (Brown Bomber),1979
865,00865.jpeg,Reverend Jessee Howard,Untitled,1955
866,00866.jpeg,Hector Hippolyte,Untitled,1946
867,00867.jpeg,Shields Langdon Sl Jones,Untitled,1970
868,00868.jpeg,Johann Korec,Untitled,1980
869,00869.jpeg,James Billie Jb Lemming,Untitled,1960
870,00870.jpeg,Augustin Lesage,Les 92 Personnages,1940
871,00871.jpeg,Aleksander Pavlovich Lobanov,Untitled,1970
872,00872.jpeg,Dwight Mackintosh,Untitled,1985
873,00873.jpeg,Kunizo Matsumoto,Untitled,2004
874,00874.jpeg,Justin Mccarthy,Untitled,1960
875,00875.jpeg,Dan Miller,Untitled,2000
876,00876.jpeg,Edmund Moonsiel,Untitled,1957
877,00877.jpeg,Sister Gertrude Morgan,Untitled (Psalm 27),1965
878,00878.jpeg,Reverend Benjamin Franklin Bf Perkins,Untitled (A King Tut Treasure),1980
879,00879.jpeg,Prophet Royal Robertson,Untitled (No Divorce Whore'S Allowed),1980
880,00880.jpeg,Sava Sakulic,Untitled,1986
881,00881.jpeg,Katsuhiro Terao,Untitled,2005
882,00882.jpeg,Katsuhiro Terao,Untitled,2005
883,00883.jpeg,Bill Traylor,Untitled,1939
884,00884.jpeg,Carlo Zinelli,Untitled,1966
885,00885.jpeg,Christof Mascher,August Walla,1977
886,00886.jpeg,Robin E. Small,Polychrome Newel Post,1982
887,00887.jpeg,William Graatsma,Cubic Crosspoints,1969
888,00888.jpeg,William Graatsma,Cubic Vaulted Sphere,1969
889,00889.jpeg,William Graatsma,Cubic Divisions,1969
890,00890.jpeg,William Graatsma,Cubic Cosmic City,1972
891,00891.jpeg,Jeff Wall,An Octopus,1990
892,00892.jpeg,Jeff Wall,Movie Audience,1979
893,00893.jpeg,Jeff Wall,Stereo,1979
894,00894.jpeg,Jeff Wall,No,1983
895,00895.jpeg,Jeff Wall,The Smoker,1986
896,00896.jpeg,Jeff Wall,Outburst,1989
897,00897.jpeg,Jeff Wall,The Well,1989
898,00898.jpeg,Jeff Wall,The Drain,1989
899,00899.jpeg,Paul Rand,Abacus,1946
900,00900.jpeg,Maija Isola,Itsuva Harka,1967
901,00901.jpeg,Massimo Vignelli,Knoll International Poster,1967
902,00902.jpeg,Jean Widmer,Noveaux Espaces,1970
903,00903.jpeg,Lia Cook,"Hanging, Binary Traces",2005
904,00904.jpeg,Victor Moscoso,Chambers Brothers Band,1967
905,00905.jpeg,Sheila Hicks,Crossing Colors,2013
906,00906.jpeg,Joseph Provato,Sticks,1957
907,00907.jpeg,Alan Buchsbaum,Chopped Herringbone,1971
908,00908.jpeg,Getulio Alviani,Testura Grafica,1972
909,00909.jpeg,A. Lacroix & Cie.,Sample Plate,1887
910,00910.jpeg,Oneida,Buffaloware Sample Plate,1952
911,00911.jpeg,Rolf Middelboe,Spectrum,1955
912,00912.jpeg,Henry Dreyfuss,T-85 Round Thermostat,1953
913,00913.jpeg,Unknown,"Rank Badge, Ming Dynasty",1644
914,00914.jpeg,Ray And Charles Eames,Dcm Side Chairs,1946
915,00915.jpeg,René Drouet,Side Chair,1939
916,00916.jpeg,Marcel Breuer,B5 Side Chair,1927
917,00917.jpeg,René Herbst,No. 5 Side Chair,1929
918,00918.jpeg,"Henrick Van Keppel, Taylor Green",Lounge Chair,1939
919,00919.jpeg,Oki Sato And Nendo,Cabbage Chair,2008
920,00920.jpeg,Ray And Charles Eames,Dcw Side Chair,1946
921,00921.jpeg,Jonathan Ive And Apple,Iphone,2007
922,00922.jpeg,"Al Nagele, Leon Soren",Startac Cellular Telephone,1996
923,00923.jpeg,Martin Iseli,Beocom 1500,1994
924,00924.jpeg,Bill Moggridge,Grid Compass Prototype,1981
925,00925.jpeg,Lininger-Lowy,Beocom Copenhagen,1986
926,00926.jpeg,Unknown,Plus 126 Camera,1970
927,00927.jpeg,Henry Dreyfuss,Swingster Camera,1965
928,00928.jpeg,Unknown,Big Shot Camera,1971
929,00929.jpeg,Samuel Wilkinson,Plumen 001 Lightbulb,2010
930,00930.jpeg,Jean Miró,El Sol,1948
931,00931.jpeg,Dieter Rams,Audio 300,1969
932,00932.jpeg,Dieter Rams,F-1 Mactron,1971
933,00933.jpeg,Dieter Rams,KMM 2 Aromatic,1969
934,00934.jpeg,Dieter Rams,TG 60,1965
935,00935.jpeg,Dieter Rams,TG 60,1965
936,00936.jpeg,Dieter Rams,Regalsystem 606,1960
937,00937.jpeg,Reinhold Weiss,KH 1000,1967
938,00938.jpeg,Robert Oberheim,Nizo S 8,1965
939,00939.jpeg,Robert Oberheim,FP 35,1971
940,00940.jpeg,"Dieter Rams, Peter Hartwein",Atelier,1984
941,00941.jpeg,Ogata Korin,Hatō Zu,1704
942,00942.jpeg,Hiroshige,Landscape With The Whirlpools,1857
943,00943.jpeg,Hokusai,Amida Waterfall On The Kiso Highway,1800
944,00944.jpeg,Hiroshige,Sudden Shower Over Ohashi,1856
945,00945.jpeg,Unknown,Tathagata Akshobhya,1500
946,00946.jpeg,Joan Miró,La Pomme De Terre,1928
947,00947.jpeg,Jean Arp,Tête,1929
948,00948.jpeg,Sachiko Kuru,Pirates,1981
949,00949.jpeg,Sachiko Kuru,Pirates,1981
950,00950.jpeg,Hans Feurer,"Gloves, Skirts, Quilted Big Coats",1983
951,00951.jpeg,Hans Feurer,"Gloves, Skirts, Quilted Big Coats",1983
952,00952.jpeg,Katerina Jebb,Modern Sweetness,1991
953,00953.jpeg,Katerina Jebb,Inside Decoration,2011
954,00954.jpeg,Simon Bening,Flemish Calendar,1545
955,00955.jpeg,Simon Bening,Flemish Calendar,1545
956,00956.jpeg,Jean Pierre Lyonette,"Illustration In ""Metal Hurlant""",1978
957,00957.jpeg,André Thijssen,L'Homme Machine,1978
958,00958.jpeg,Tony Mcsweeney,Souvenirs Of California,1978
959,00959.jpeg,George Hardie,Poster To Promote A Color Service,1978
960,00960.jpeg,"Inez Van Lamsweerde, Vinoodh Matadin",Maggie'S Party (Yohji Yamamoto Campaign),1998
961,00961.jpeg,"Inez Van Lamsweerde, Vinoodh Matadin",Captured Moon (Yohji Yamamoto Campaign),1998
962,00962.jpeg,"Inez Van Lamsweerde, Vinoodh Matadin",Final Fantasy – Wendy,2003
963,00963.jpeg,"Inez Van Lamsweerde, Vinoodh Matadin",Thank You Thighmaster – Joan,1993
964,00964.jpeg,"Inez Van Lamsweerde, Vinoodh Matadin",Cathal – Arena Homme Plus,1997
965,00965.jpeg,"Inez Van Lamsweerde, Vinoodh Matadin",Me #2,1997
966,00966.jpeg,"Inez Van Lamsweerde, Vinoodh Matadin",Chloë Sevigny,1996
967,00967.jpeg,"Inez Van Lamsweerde, Vinoodh Matadin",Don'T Kill (Autograph),2005
968,00968.jpeg,"Inez Van Lamsweerde, Vinoodh Matadin",Exclamation Mark,2005
969,00969.jpeg,"Inez Van Lamsweerde, Vinoodh Matadin",Stella Tennant – Self Service,2010
970,00970.jpeg,"Inez Van Lamsweerde, Vinoodh Matadin",Sasja 90 – 60 – 90,1992
971,00971.jpeg,"Inez Van Lamsweerde, Vinoodh Matadin",Trash,2003
972,00972.jpeg,"Inez Van Lamsweerde, Vinoodh Matadin",Maggie Rizer In Yves Saint Laurent,1997
973,00973.jpeg,"Inez Van Lamsweerde, Vinoodh Matadin",Jessica Miller In Bridgehampton,2009
974,00974.jpeg,"Inez Van Lamsweerde, Vinoodh Matadin",Me #11,1998
975,00975.jpeg,"Inez Van Lamsweerde, Vinoodh Matadin",B Dreaming,2004
976,00976.jpeg,"Inez Van Lamsweerde, Vinoodh Matadin",Lick (Joanna) ,1992
977,00977.jpeg,"Inez Van Lamsweerde, Vinoodh Matadin",Hilary Rhoda,2006
978,00978.jpeg,"Inez Van Lamsweerde, Vinoodh Matadin",Ronald'S Dress,1990
979,00979.jpeg,"Inez Van Lamsweerde, Vinoodh Matadin",Ed Ruscha,2008
980,00980.jpeg,"Inez Van Lamsweerde, Vinoodh Matadin",The Easter Skull,2005
981,00981.jpeg,"Inez Van Lamsweerde, Vinoodh Matadin",Bart Gorter – Blvd,1994
982,00982.jpeg,"Inez Van Lamsweerde, Vinoodh Matadin",Self Service,2008
983,00983.jpeg,"Inez Van Lamsweerde, Vinoodh Matadin",Chloé Campaign,2006
984,00984.jpeg,"Inez Van Lamsweerde, Vinoodh Matadin",Lifting,1996
985,00985.jpeg,"Inez Van Lamsweerde, Vinoodh Matadin",Pleace: Rider,2005
986,00986.jpeg,"Inez Van Lamsweerde, Vinoodh Matadin",Guinevre Descending A Staircase,2005
987,00987.jpeg,Kaija And Heikki Siren,Otaniemi Chapel,1957
988,00988.jpeg,Kaija And Heikki Siren,Otaniemi Chapel,1957
989,00989.jpeg,Alexander Calder,Myxomatose,1953
990,00990.jpeg,Franz Weissmann,Dois Cubos Lineares Virtuais (Estrurura Linear),1954
991,00991.jpeg,Alexander Calder,Red Horse,1926
992,00992.jpeg,Alexander Calder,Galloping Horse,1926
993,00993.jpeg,Alexander Calder,Dog,1931
994,00994.jpeg,Alexander Calder,Leopard,1927
995,00995.jpeg,Alexander Calder,Big Black Disc,1931
996,00996.jpeg,Alexander Calder,Pantograph,1931
997,00997.jpeg,Alexander Calder,Two Spheres,1931
998,00998.jpeg,Alexander Calder,Machine Motoriseé,1933
999,00999.jpeg,Alexander Calder,The Spider,1937
1000,01000.jpeg,Alexander Calder,Little Blue Panel,1934
